{"cameraMode":{"drawMode":0,"name":"Shaded","section":"Shading Mode"},"sceneLighting":false,"audioPlay":false,"sceneViewState":{"m_AlwaysRefresh":false,"showFog":true,"showSkybox":false,"showFlares":true,"showImageEffects":true,"showParticleSystems":true,"showVisualEffectGraphs":true,"m_FxEnabled":true},"in2DMode":false,"pivot":{"x":0.047634243965148929,"y":0.245155468583107,"z":-0.17869125306606294},"rotation":{"x":-0.1065983772277832,"y":0.01580960862338543,"z":-0.001859350479207933,"w":-0.9942647218704224},"size":0.8446230292320252,"orthographic":false}