{"cameraMode":{"drawMode":0,"name":"Shaded","section":"Shading Mode"},"sceneLighting":false,"audioPlay":false,"sceneViewState":{"m_AlwaysRefresh":false,"showFog":true,"showSkybox":false,"showFlares":true,"showImageEffects":true,"showParticleSystems":true,"showVisualEffectGraphs":true,"m_FxEnabled":true},"in2DMode":false,"pivot":{"x":111.1263198852539,"y":297.0810241699219,"z":24.106529235839845},"rotation":{"x":0.1556558459997177,"y":0.02445627562701702,"z":-0.002880170475691557,"w":0.9875650405883789},"size":104.04325866699219,"orthographic":false}