{"cameraMode":{"drawMode":0,"name":"Shaded","section":"Shading Mode"},"sceneLighting":true,"audioPlay":false,"sceneViewState":{"m_AlwaysRefresh":false,"showFog":true,"showSkybox":true,"showFlares":true,"showImageEffects":true,"showParticleSystems":true,"showVisualEffectGraphs":true,"m_FxEnabled":true},"in2DMode":false,"pivot":{"x":9.084268569946289,"y":40.94615173339844,"z":-25.355802536010743},"rotation":{"x":-0.24386058747768403,"y":0.006511407904326916,"z":-0.0025555358733981849,"w":-0.9699897766113281},"size":1.4414348602294922,"orthographic":false}