{"cameraMode":{"drawMode":0,"name":"Shaded","section":"Shading Mode"},"sceneLighting":true,"audioPlay":false,"sceneViewState":{"m_AlwaysRefresh":false,"showFog":true,"showSkybox":true,"showFlares":true,"showImageEffects":true,"showParticleSystems":true,"showVisualEffectGraphs":true,"m_FxEnabled":true},"in2DMode":false,"pivot":{"x":-12.468513488769532,"y":-15.265083312988282,"z":4.311024188995361},"rotation":{"x":0.22514185309410096,"y":-0.13049565255641938,"z":-0.030444534495472909,"w":-0.965074360370636},"size":1.976557731628418,"orthographic":false}