{"cameraMode":{"drawMode":0,"name":"Shaded","section":"Shading Mode"},"sceneLighting":false,"audioPlay":false,"sceneViewState":{"m_AlwaysRefresh":false,"showFog":true,"showSkybox":false,"showFlares":true,"showImageEffects":true,"showParticleSystems":true,"showVisualEffectGraphs":true,"m_FxEnabled":true},"in2DMode":false,"pivot":{"x":0.2021627277135849,"y":0.2974945902824402,"z":-0.004114469513297081},"rotation":{"x":0.04480369761586189,"y":0.14578565955162049,"z":-0.006666246335953474,"w":0.9883544445037842},"size":0.6354692578315735,"orthographic":false}